	Rank	Gene	Substitution	"Fold Increase
in Fitness"	"Number of
Lineages"
0	1	S	H655Y	1.051	33
1	2	S	T95I	1.046	30
2	3	ORF1a	P3395H	1.039	5
3	4	S	N764K	1.040	6
4	5	ORF1a	K856R	1.039	2
5	6	S	S371L	1.041	3
6	7	E	T9I	1.040	5
7	8	S	Q954H	1.040	5
8	9	ORF9b	P10S	1.039	25
9	10	S	L981F	1.040	2
10	11	N	P13L	1.040	25
11	12	S	G339D	1.039	4
12	13	S	S375F	1.040	5
13	14	S	S477N	1.039	47
14	15	S	N679K	1.040	11
15	16	S	S373P	1.040	5
16	17	M	Q19E	1.039	5
17	18	S	D796Y	1.038	11
18	19	S	N969K	1.040	5
19	20	S	T547K	1.038	3
